sr_no,district,division,code_no,factory_name,type,tcd,crushing_mt,recovery_pct_2425,frp_rate_pmt,actual_price_payable_lakh,avg_ht_pmt_2425,net_frp_pmt,total_net_frp_payable_lakh,total_ht_paid_lakh,total_frp_paid_incl_ht_lakh,total_frp_paid_excl_ht_lakh,arrears_lakh,pct_frp_paid
1,Kolhapur,Kolhapur,38401.0,"Ajara Shetkari SSK Ltd. Gavase, Tal. Ajara, Dist. Kolhapur",Coop,2500.0,306880.606,11.9,4120.9,12646.24,926.86,3194.04,9801.89,2844.35,9059.8,6215.45,3586.44,63.41
2,Kolhapur,Kolhapur,16501.0,"Shri. Bhogavati SSK ltd.Parite, Tal.Karveer, Dist. Kolhapur",Coop,4000.0,416055.359,12.752,4415.69,18371.72,762.4,3653.29,15199.72,3172.01,8748.11,5576.1,9623.62,36.69
3,Kolhapur,Kolhapur,18001.0,"Shri Chatrapati Rajaram SSK Ltd.. KasabaBavada, Tal. Karvir, Dist Kolhapur",Coop,3500.0,2694.285,11.61,4020.56,108.33,857.12,3163.44,85.23,23.09,23.09,0.0,85.23,0.0
4,Kolhapur,Kolhapur,16901.0,"Shri Chatrapati Shau SSK Ltd.,Kagal, Tal.Kagal, Dist Kolhapur",Coop,7500.0,844987.442,12.49,4325.04,36546.04,945.3,3379.74,28558.38,7987.67,34270.23,26282.56,2275.82,92.03
5,Kolhapur,Kolhapur,16601.0,"Shri. Datt Shetkari SSK Ltd..Shiroi, Tal.Shiroi. Dist Kolhapur",Coop,12000.0,1111485.58,12.29,4255.84,47303.05,877.97,3377.87,37544.54,9758.51,47303.05,37544.54,0.0,100.0
6,Kolhapur,Kolhapur,16401.0,"Shri Dudhganga SSK Ltd..Bidri, Tal.Kagal, Dist Kolhapur",Coop,7500.0,774750.071,12.715,4402.89,34111.39,795.41,3607.48,27948.95,6162.44,32042.18,25879.74,2069.21,92.6
7,Kolhapur,Kolhapur,17201.0,"Kallappanna Awade Jawahar Shetakari SSK Ltd. Hupari, Tal. Hatkanangle, Dist.Kolhapur",Coop,16000.0,1489722.363,12.15,4207.4,62678.58,889.29,3318.11,49430.63,13247.95,63898.51,50650.56,-1219.93,100.0
8,Kolhapur,Kolhapur,50801.0,"Sadashivarao Mandalik SSK Ltd. Sadashivnagar, I lamidwada-Koulge, Tal. Kagal, Dist. Kolhapur",Coop,4000.0,444385.0,12.481,4321.93,19205.99,911.17,3410.76,15156.89,4049.1,13807.83,9758.73,5398.16,64.38
9,Kolhapur,Kolhapur,16301.0,"Kumbi Kasari SSK Ltd. Kuditrc.Tal.Karvcer, Dist. Kolhapur",Coop,5000.0,474369.334,12.651,4380.75,20780.92,822.36,3558.39,16879.89,3901.02,12558.32,8657.3,8222.59,51.29
10,Kolhapur,Kolhapur,16201.0,"Deshbakat Ratnappa Anna Kumbhar Panchganga SSK Ltd. Ganganagar. Ichalkaranji, Tal. Hatkanangle, Dist. Kolhapur",Coop,5000.0,654725.021,12.839,4445.79,29107.73,928.14,3517.65,23030.96,6076.76,24503.33,18426.57,4604.39,80.01
11,Kolhapur,Kolhapur,52501.0,"Sharad SSK Ltd. PO Narandc, Tal. Hatkanangle, Dist.Kolhapur",Coop,2500.0,428743.386,12.046,4171.42,17884.67,934.75,3236.67,13876.99,4007.68,18584.96,14577.28,-700.29,100.0
12,Kolhapur,Kolhapur,16101.0,"Shri. Tatyasahcb Korc Varana SSK Ltd. Varananagar, Tal.Panhala, Dist. Kolhapur",Coop,12000.0,1218262.0,12.363,4281.1,52154.99,881.82,3399.28,41412.11,10742.88,52155.02,41412.14,-0.03,100.0
13,Kolhapur,Kolhapur,46301.0,"Athani Sugar Ltd. (Lease Unit of Uday Singh Gaikwad SSK Ltd. )Sonwade-Bambwadc, Tal.Shahuwadi, Dist.Kolhapur",Coop,6000.0,329078.295,12.277,4251.34,13990.24,975.64,3275.7,10779.62,3210.62,14728.36,11517.74,-738.12,100.0
14,Kolhapur,Kolhapur,54901.0,"Padmashri Dr. D.Y. Patil SSK Ltd. Gnanashantinagar, Tal.Gaganbawda, Dist. Kolhapur",Coop,5000.0,407472.932,12.351,4276.95,17427.4,951.93,3325.02,13548.54,3878.86,15383.71,11504.85,2043.69,84.92
15,Kolhapur,Kolhapur,17001.0,"Dalmia Bharat Sugar and Industries Ltd. Asurie-Porle.Tal. Panhala, Dist. Kolhapur",Pvt.,7500.0,957820.0,13.329,4615.33,44206.59,980.5,3634.83,34815.17,9391.43,44206.6,34815.17,0.0,100.0
16,Kolhapur,Kolhapur,55301.0,"Shri. Gurudatta Sugars Ltd. Takliwadi, Tal. Shiroi, Dist. Kolhapur",Pvt.,6000.0,489600.027,12.01,4158.96,20362.27,922.53,3236.43,15845.56,4516.71,16822.43,12305.72,3539.84,77.66
17,Kolhapur,Kolhapur,61101.0,"Eco Cane Energy Ltd. Mhalunge Khalasa, Tal. Chandgarh, Dist. Kolhapur",Pvt.,3500.0,300433.0,12.243,4239.58,12737.09,1001.83,3237.75,9727.26,3009.83,12270.89,9261.06,466.2,95.21
18,Kolhapur,Kolhapur,64901.0,"01am Global Agro India Pvt. Ltd. Rajgoli Khurd. Tal.Chandgarh, Dist. Kolhapur",Pvt.,4960.0,511396.888,11.682,4045.47,20688.42,941.82,3103.65,15871.98,4816.44,19796.39,14979.95,892.03,94.38
19,Kolhapur,Kolhapur,69015.0,"Sir Senapati Santaji Ghorpade Sugar Factory Ltd. Bellcwadi Kalamma, Tal. Kagal, Dist. Kolhapur",Pvt.,6000.0,602698.11,12.717,4403.58,26540.31,1034.8,3368.78,20303.59,6236.72,25403.33,19166.61,1136.98,94.4
20,Kolhapur,Kolhapur,69032.0,"Onkar Sugar and Distillery Power Ltd. Faralc, Tal.Radhanagari, Dist. Kolhapur",Pvt.,2500.0,160964.609,12.75,4415.0,7106.59,1032.92,3382.08,5443.95,1662.64,5391.86,3729.22,1714.73,68.5
21,Kolhapur,Kolhapur,53005.0,"Athani Sugar Ltd. Anturli-Tambhalc, Tal. Bhudargarh, Dist. Kolhapur",Pvt.,4000.0,248329.216,11.85,4103.6,10190.44,1019.78,3083.82,7658.03,2532.41,11223.93,8691.52,-1033.49,100.0
22,Kolhapur,Kolhapur,16701.0,"Atharva Intertradc Pvt. Ltd. (Lease unit of Daulat Shctkari SSK Ltd.)Halkami, Tal.Chandgarh, Dist. Kolhapur",Coop,3500.0,377835.0,12.311,4263.11,16107.51,1006.57,3256.54,12304.33,3803.17,14182.15,10378.98,1925.35,84.351
23,Kolhapur,Kolhapur,16801.0,"Appasahcb Nalwadc Gadhinglaj Taluka SSK Ltd. Harali, Tai Gadhinglaj, Dist. Kolhapur",Coop,2500.0,192743.0,11.312,3917.45,7550.61,842.68,3074.77,5926.41,1624.21,4550.64,2926.43,2999.98,49.38
24,Sangli,Kolhapur,15701.0,"Padma Bhushan Krantiveer Dr.Nagnathanna Naikwadi Hutatma Kisan Ahir SSK Ltd. Naganathannanagar, District-Sangli",Coop,3500.0,413760.0,12.716,4403.24,18218.83,910.46,3492.78,14451.71,3767.12,10625.13,6858.01,7593.7,47.45
25,Sangli,Kolhapur,15501.0,"Rajarambapu Patil SSK Ltd. Unit-1 Rajaramnagar,P.O. Sakliarale, Tal.Valwa, Dist. Sangli",Coop,7000.0,666200.0,12.56,4349.26,28974.77,906.85,3442.41,22933.34,6041.43,23099.35,17057.92,5875.42,74.38
26,Kolhapur,’Sj 70,31201.0,"Rajaram Bapu Patil, SSK Ltd. Watcgaon - Surul, Unit 2, Tal.Valwa, Dist.Sangli",Coop,4000.0,373774.0,12.536,4340.96,16225.36,915.07,3425.89,12805.07,3420.29,14090.14,10669.85,2135.22,83.33
27,Sangli,Kolhapur,53007.0,"Rajaram Bapu Patil SSK Ltd. Unit no. 3, Karandwadi. Unit.3, Tal.Walwa, Dist. sangli",Coop,3500.0,298400.0,12.261,4245.81,12669.49,974.75,3271.06,9760.83,2908.65,10436.32,7527.67,22.33,77.12
28,Sangli,Kolhapur,39401.0,"Rajarambapu Patil SSK Ltd. U-4 Tipehalli, Unit 4 Tal. Jat. Dist. sangli",Coop,2500.0,282080.0,11.054,3828.18,10798.54,943.81,2884.37,8136.24,2662.3,9588.54,6926.24,1210.0,85.13
29,Sangli,Kolhapur,46001.0,"Dr. Patangrao Kadam Sonhira SSKLtd. Mohanrao Kadamnagar, Wangi, TaLKadegaon. Dist.Sangli",Coop,9500.0,959860.0,12.689,4393.89,42175.23,930.75,3463.14,33241.33,8933.9,36660.0,27726.1,5515.23,83.41
30,Sangli,Kolhapur,15401.0,Shri. Datt India Pvt. Ltd. (Lease unit of Vasantada Shetkari SSK Ltd.)Tal. Miraj. Dist. Sangli,Coop,7500.0,784245.0,12.301,4259.65,33406.06,996.76,3262.89,25589.02,7817.04,23294.99,15477.95,10111.07,60.49
31,Sangli,Kolhapur,15601.0,"Vishwas Rao Naik SSK Ltd. Yashwantnagar, Tal. Shirala, Dist. Sangli",Coop,5000.0,430235.0,12.472,4318.81,18581.04,934.39,3384.42,14560.97,4020.07,18863.18,14843.11,-282.14,100.0
32,Sangli,Kolhapur,53002.0,Kranti Agrani Dr.G.D.Bapu Lad SSK Ltd.Kundal.Tal. Paloos. Dist. Sangli,Coop,7500.0,907180.0,12.277,4251.34,38567.32,883.81,3367.53,30549.58,8017.75,35969.2,27951.45,2598.1,91.5
33,Sangli,Kolhapur ____,53008.0,"Mohanrao Shinde SSK Ltd. Mohannagar, P.O. Argh. Tal.Miraj, Dist. sangli",Coop,4000.0,435701.0,11.03,3819.88,16643.26,961.51,2858.37,12453.95,4189.31,15757.71,11568.4,885.55,92.89
34,Sangli,Kolhapur,51001.0,"Dalmia Bharat Sugar and Industries Ltd. Kokurud, Karungali, Tal. Shirala, District Sangli",Pvt.,3600.0,435476.78,13.304,4606.68,20061.04,1069.48,3537.2,15403.7,4657.34,20089.31,15431.97,-28.27,100.0
35,Sangli,Kolhapur,68301.0,Sadguru Shri.Shri. Sugar Factory Ltd. Rajcwadi Atpadi. Dist. Sangli,Pvt.,5500.0,592602.0,10.661,3692.21,21880.09,978.69,2713.52,16080.35,5799.74,16507.73,10707.99,5372.36,66.59
36,Kolhapur,on,68001.0,"Udagiri Sugar and Power Ltd. Bamani, Tal.Khanapur, Dist. Sangli",Pvt.,5000.0,501538.0,11.762,4073.15,20428.41,951.82,3121.33,15654.67,4773.74,14949.62,10175.88,5478.79,65.0
37,Sangli,Kolhapur,69064.0,"Shripati Sugar & Powar Ltd., Dafalapur, Jat, Dist. Sangli.",Pvt.,2500.0,439011.0,11.15,3861.4,16951.97,1010.44,2850.96,12516.03,4435.94,16949.39,12513.45,2.58,99.98
38,Sangli,Kolhapur,15901.0,"Yashwant Sugar and Powar Ltd. Nagewadi, Tal. Khanapur, Dist. Sangli.",Pvt.,1250.0,168377.0,11.501,3982.85,6706.2,904.63,3078.22,5183.01,1523.19,5640.69,4117.5,1065.51,79.44
39,Pune,Pune,46201.0,Bhima-Shankar Sahakari Sakhar Karkhana Ltd.Dattatraynagar Po.Pargaon Tal-Ambegaon Dist.Pune,Coop,6000.0,855729.834,12.0,4155.5,35559.85,883.36,3272.14,28000.68,7559.18,35567.22,28008.04,-7.36,100.001
40,Pune,,13701.0,"The Maiegaon Sahakari Sakhar Karkhana Ltd.Shivnagar Bk., Tai Baramati Dist.Pune",Coop,7500.0,1034017.0,11.948,4137.51,42782.54,868.48,3269.03,33802.31,8980.23,37503.91,28523.68,5278.63,84.38
41,Pune,,14101.0,"Shri Vighnahar Sahakari Sakhar Karkhana Ltd.Nivratinagar(Dhalewadi),Po. Shiroli, Tai Junnar Dist-Pune",Coop,5000.0,809067.25,11.609,4020.21,32526.23,868.81,3151.4,25496.98,7029.26,27787.65,20758.39,4738.59,1.0
42,Pune,,66601.0,Venkatesh krupa Sugar Ltd. Jategaon (BK) Tal-Shirur Dist-Pune,Pvt.,5000.0,463986.0,11.566,4005.34,18584.2,913.92,3091.42,14343.74,4240.46,16040.62,11800.16,2543.58,82.27
43,Pune,Pune,56401.0,Shreenath Mhaskoba Sakhar Karkhana Ltd Shrinath Nagar Patethan Post-Rahu Tal-Daund Dist-Pune,Pvt.,6000.0,433644.0,11.547,3998.76,17340.39,943.54,3055.22,13248.79,4091.6,16964.12,12872.52,376.27,97.16
44,Pune,ZJ,69039.0,Parag Agro Food & Allied Pvt. Ltd. Ravadevadi Tal-Shirur Dist.Pune,Pvt.,7000.0,442002.273,11.85,4103.6,18138.01,946.1,3157.5,13956.22,4181.78,16908.91,12727.13,1229.09,91.19
45,Pune,Pune,33101.0,"Karmyogi Shankarrao Patil Sahakari Sakhar Karkhana Ltd.Mahatnia Phulcnagar, Bijwadi Tal-lndapur Dist-Pune",Coop,8000.0,662449.36,10.86,3761.06,24915.12,1008.05,2753.01,18237.3,6677.82,25054.46,18376.64,-139.34,100.001
46,Pune,Pune,14001.0,Shri Saipriya Sugars LTD. (Operator of Bhima Sahakari Sakhar Karkhana Ltd. Tal-Daund Dist-Pune,Coop,15000.0,650083.118,11.71,4055.16,26361.91,976.18,3078.98,20015.93,6345.98,13462.57,7116.59,12899.34,35.55
47,Pune,,6010.0,I Anuraj Sugar Pvt. Ltd Yevat Tal-Daund Dist-Pune,Pm.,3000.0,30737.348,9.5,3290.5,1011.41,9.0,2390.5,734.78,276.64,1229.5,952.86,-218.08,100.0
48,Pune,,13601.0,"Shri Somcshwar SSk, someshwar nagar Tal.Baramati Dist Pune Short Name- Nira,",Coop,7500.0,1007920.271,12.07,4179.72,42128.25,893.85,3285.87,33118.95,9009.3,42270.67,33261.37,-142.42,100.0
49,Pune,,63301.0,|Daund sugar Pvt Ltd Alegaon Tal-| Daund. Dist Pune,Pvt.,17500.0,1517228.576,11.899,4120.55,62518.22,1072.6,3047.95,46244.43,16273.79,57319.8,41046.01,5198.42,88.76
50,Pune,Pune,60701.0,"Baramati Agro Ltd.Shetphalgade, Tai Indapur Dist.Pune, Short Name Shetphalgade",Pvt.,18000.0,1752241.0,11.23,3889.08,68146.05,1104.2,2784.88,48797.81,19348.25,60963.49,41615.24,7182.57,85.28
51,Pune,Pune,39501.0,"Shri Sant Tukaram SSK Ltd., Kasarsai Darmbre Tal-Mulsi Dist.Pune",Coop,3500.0,292135.0,11.539,3995.99,11673.7,1092.3,2903.69,8482.71,3190.99,10934.44,7743.45,739.26,91.29
52,Pune,Pune,13801.0,"Shri Chhatrapati SSK Ltd.,Bhavaninagar .Tal-Indapur Dist-pune",Coop,6500.0,756285.0,10.8,3740.3,28287.33,918.86,2821.44,21338.13,6949.2,28773.99,21824.79,-486.66,100.0
53,Pune,Pune,52601.0,"NiraBhima SSK ltd.Tal. Indapur. Dist.Pune Shahajinagar. Po. Rcdni, Tal.Indapur, Dist Pune",Coop,3500.0,525657.132,10.407,3604.32,18946.38,926.04,2678.28,14078.58,4867.8,21168.43,16300.63,-2222.05,100.0
54,Satara,Pune,15301.0,"Ajinkyatara SSK Ltd. Shahoongar, P.O. Shendre, Tal.&Dist.Satara",Coop,4500.0,555080.0,12.674,4388.7,24360.82,904.77,3483.93,19338.62,5022.2,17709.72,12687.52,6651.1,65.61
55,Satara,Pune,15101.0,"Loknetc Balasaheb Desai SSK Ltd. M.P. Daulatnagar, Marli.Tal. Patan. Dist. Satara-",Coop,3000.0,195602.701,11.709,4054.81,7931.33,1019.2,3035.61,5937.74,1993.58,7077.6,5084.02,853.72,85.62
56,Satara,Pune,15001.0,"Kisanveer Satara SSK Ltd. M.Po. Kisanveemagar, Bhuinj, Tal. Wai, Dist. Satara",Coop,4000.0,453656.381,12.126,4199.1,19049.47,1031.6,3167.5,14369.55,4679.92,9308.48,4628.56,9740.99,32.21
57,Pune,g,15201.0,Sahyadri SSK Yashwantnagar.Tal. Karad. Dist.Satara,Coop,7500.0,660962.842,12.545,4344.07,28712.69,910.42,3433.65,22695.15,6017.54,29151.24,23133.7,-438.55,100.0
58,Satara,Pune,69020.0,"Swaraj Green Power and Fuel Ltd. Upalave, Tal. Phaltan, Dist. Satara",Pvt.,7500.0,600332.028,10.47,3626.12,21768.76,1150.9,2475.22,14859.54,6909.22,16480.68,9571.46,5288.08,64.41
59,Satara,Pune,69051.0,Khatav Man Taluka Agro Processing Ltd. Padal. Tal.Khatav. Dist. Satara,Pvt.,2500.0,535707.0,11.708,4054.47,21720.07,1084.9,2969.57,15908.18,5811.89,23490.22,17678.33,-1770.15,100.0
60,Satara,Pune,53004.0,Pratapgad sahakari sakhar Karkhana ltd karandoshi songaon tal-jawali Dist-satara,Coop,2500.0,183155.0,11.584,4011.56,7347.38,956.75,3054.81,5595.04,1752.34,4611.46,2859.12,2735.92,51.1
61,Satara,Pune,38801.0,"Jarandeshwar Sugar,Chimangaon,Tal.Koregaon. Dist.Satara",Pvt.,10000.0,1915165.829,12.29,4255.84,81506.39,1089.4,3166.44,60642.58,20863.82,71119.43,50255.61,10386.97,82.87
62,Satara,Pune,69027.0,"Kisanveer Khandala Mha vshi ,T al. Khanda la",Coop,2500.0,245280.495,10.501,3636.85,8920.47,1007.8,2629.05,6448.54,2471.94,5201.54,2729.6,3718.94,42.33
63,Pune,,14901.0,"Yashwuntrao Mobile Krishna SSK Ltd. Rethere BK., Tal. Karad, Dist. Satara",Coop,12000.0,1389465.0,12.57,4352.72,60479.52,859.24,3493.48,48540.68,11938.84,55151.46,43212.62,5328.06,89.02
64,Pune,,52006.0,"Athani Sugar Ltd. (Lease unit of Rayat Sahakari Sugar Factory Ltd.)Shewalewadi. Mhasoli. Karad, Dist.Satara",Coop,5000.0,419808.708,12.038,4168.65,17500.35,973.73,3194.92,13412.54,4087.8,16251.22,12163.42,1249.12,90.69
65,Satara,,14801.0,"Kallappanna Awade Jawahar Shetakari SSK Ltd. (Lease unit of Shriram SSK Ltd.)Tal. Phaltan, Dist. Satara",Coop,4950.0,463435.11,11.582,4010.87,18587.79,1000.76,3010.11,13949.92,4637.87,19467.79,14829.92,-880.0,100.0
66,Pune,,64601.0,Jaywant sugars Itd. Dhawarwadi Tal.Karad Dist. Satara,Pvt.,5500.0,685075.0,12.524,4336.8,29710.36,981.94,3354.86,22983.33,6727.03,25724.0,18996.97,3986.36,82.66
67,Pune,,69028.0,Green Power Sugars Ltd. Gopuj Tal.khatav Dist. Satara,Pvt.,3500.0,242003.299,11.2,3878.7,9386.58,1098.98,2779.72,6727.01,2659.57,7048.27,4388.7,2338.31,6524.0
68,Satara,<u c 3,69023.0,"Sharayu Agro Industries Ltd. Kapashi, Tal.Phaltan. Dist. Satara",Pvt.,5000.0,632032.996,11.329,3923.33,24796.77,1141.47,2781.86,17582.3,7214.47,22747.75,15533.28,2049.02,88.35
69,Pune,oo,17901.0,"Shri Datt India pvt. Ltd. Sakharwadi, Tal.Phaltan Dist. Satara",Pvt.,7500.0,810041.175,11.773,4076.96,33025.04,1020.66,3056.3,24757.27,8267.77,28852.27,20584.5,4172.77,83.15
70,Satara,,69048.0,"Shivncri Sugars Ltd. Jaypur, Tal. Korccaon. Dist. Satara -",Pvt.,4200.0,604190.0,10.81,3743.76,22619.42,911.25,2832.51,17113.74,5505.68,18114.68,12609.0,4504.74,73.68
71,Solapur,o JZ),17801.0,"Shri. Pandurang SSK Ltd. Shripur, Tal.Malshiras, Dist. Solapur",Coop,9000.0,940222.0,11.0,3809.5,35817.76,956.11,2853.39,26828.2,8989.56,37196.22,28206.66,-1378.46,100.0
72,Solapur,Solapur,14401.0,"Shri. Siddcshwar SSK Ltd. Kumthc, Tab North Solapur, District Solapur",Coop,7500.0,488355.0,9.848,3410.91,16657.34,1047.59,2363.32,11541.38,5115.96,12356.41,7240.45,4300.93,62.73
73,Solapur,Solapur,35501.0,"Shri. Sant Damaji SSK Ltd. Mangalwcda, Tal.Mangalvedha, Dist. Solapur",Coop,2500.0,297667.0,10.246,3548.62,10563.06,860.35,2688.27,8002.08,2560.98,8611.25,6050.27,1951.81,75.61
74,Solapur,Solapur,14201.0,"Sahakar Maharshi Shankarao Mobile Patil SSK Ltd. Shankarnagar, Akluj, Tal. Malshiras, Dist. Solapur",Coop,7200.0,768470.0,10.536,3648.96,28041.13,969.67,2679.29,20589.51,7451.62,30126.39,22674.77,-2085.26,100.0
75,Solapur,o on,52001.0,"Vitthalrao Shinde SSK Ltd. Pimpalncr, Tal.Madha, Dist. Solapur",Coop,15000.0,1554562.465,10.842,3754.83,58371.21,895.25,2859.58,44453.99,13917.22,60942.73,47025.51,-2571.52,100.0
76,Solapur,Solapur,65001.0,"Shri. Sant Kurmadas SSK Ltd. Ganapatrao Sathenagar, Padsali, Pimpaldara, Tal. Madha, Dist. Solapur",Coop,1250.0,144370.0,9.023,3290.5,4750.49,975.32,2315.18,3342.43,1408.07,2410.74,1002.67,2339.76,30.0
77,Solapur,Solapur,52301.0,"Loknete Baburao Patil Angro Industries Ltd. Lakshminagar, Angar, Tal. Mohol. Dist. Solapur",Pvt.,5500.0,486505.0,9.631,3335.83,16228.96,972.17,2363.66,11499.3,4729.66,11563.31,6833.65,4665.65,59.43
78,Solapur,Solapur,17701.0,"The Saswad Mali Sugar Factory Ltd. Malinagar, Tal.Malshiras. Dist. Solapur",Pvt.,4500.0,372313.699,10.077,3490.14,12994.28,944.16,2545.98,9479.04,3515.24,11220.15,7704.91,1774.13,81.28
79,Solapur,Solapur,50901.0,"Lokmangal Agro Industries Ltd. Bibidarphal, Tal. North Solapur, Dist. Solapur",Pvt.,2500.0,235571.731,9.107,3290.5,7751.49,1022.16,2268.34,5343.57,2407.92,6203.49,3795.57,1548.0,71.03
80,Solapur,Solapur,61901.0,"Lokmangal Sugar Ethanol and Cogeneration Industries Ltd. Bhandarakwathe, Tal.South Solapur, Dist. Solapur",Pvt.,6000.0,370235.75,9.982,3457.27,12800.06,995.28,2461.99,9115.17,3684.88,11591.47,7906.59,1208.58,86.74
81,Solapur,Solapur,61401.0,"Omkar Sugar Cor.fVitthal Corp)Ltd. Mhaisgaon, Madha, Dist. Solapur",Pvt.,3500.0,450154.324,10.54,3650.34,16432.16,1000.37,2649.97,11928.95,4503.21,15942.17,11438.96,489.99,95.89
82,Solapur,Solapur ____,64701.0,Siddhanath Sugar Mills Ltd. Tirhe. Tal.North Solapur. Dist. Solapur,Pvt.,6000.0,328690.058,8.44,3290.5,10815.55,1053.44,2237.06,7352.99,3462.55,7687.26,4224.71,3128.28,57.46
83,Solapur,Solapur 1__,65601.0,"Jakaraya Sugar Ltd. Watwatc. Tal. Mohol, Dist. Solapur",Pvt.,4900.0,334853.548,9.666,3347.94,11210.68,911.55,2436.39,8158.32,3052.36,8794.6,5742.24,2416.08,70.39
84,Solapur,Solapur,66501.0,"Vrindavan sugar LLP (Indrcshwar Sugar Mills Pvt. Ltd.,) Bhagwantnagar, Upalai, Tal. Barshi, Dist. Solapur",Pvt.,4500.0,236464.0,9.865,3416.79,8079.48,1040.06,2376.73,5620.11,2459.37,5597.14,3137.77,2482.34,55.83
85,Solapur,Solapur,69009.0,"Bhairavanath Sugar Works Ltd. Lavangi Tal.Mangalvedha, Dist. Solapur",Pvt.,2500.0,345121.115,9.383,3290.5,11356.21,1088.82,2201.68,7598.46,3757.75,9872.74,6114.99,1483.47,80.48
86,Solapur,Solapur,69011.0,"Utopian Sugars Ltd. Kachrcwadi, Tal.Mangalvedha, Dist. Solapur",Pvt.,4800.0,400110.0,9.895,3427.17,13712.45,1051.18,2375.99,9506.57,4205.88,11567.8,7361.92,2144.65,77.44
87,Solapur,Solapur,67401.0,Matoshrec Lakshmi Sugar cogeneration Ind. Ltd Ruddewadi Tal.Akkalkot Dist. Solapur,Pvt.,3500.0,206053.917,9.024,3290.5,6780.2,995.24,2295.26,4729.47,2050.73,5906.52,3855.79,873.68,81.53
88,Solapur,Solapur,69013.0,"Rajiv Agro Power Pvt. Ltd.fLesae of Bhairavanath Sugar Works Ltd.) Alegaon BK., Tal. Madha, Dist. Solapur",Pvt.,2500.0,367969.107,9.09,3290.5,12108.02,1107.42,2183.08,8033.06,4074.96,11929.6,7854.64,178.42,97.78
89,Solapur,Solaptir,69016.0,"Babanraoji Shinde Sugar and Allied Industries Ltd. Turkpimpri, Tal. Barshi, Dist. Solapur",Pvt.,6000.0,669505.0,10.251,3550.35,23769.74,1009.2,2541.15,17013.1,6756.64,23711.58,16954.94,58.16,99.66
90,Solapur,Solapur,68501.0,"Omkar Sugar Factory Pvt. Ltd. Chandapuri, Tal.Malshiras, Dist. Solapur",Pvt.,2500.0,502460.371,9.877,3420.94,17188.88,991.93,2429.01,12204.82,4984.06,17665.77,12681.71,-476.89,100.0
91,Solapur,Solapur,69030.0,"Jaihind Sugar Pvt. Ltd. Achegaon, Tal.South Solapur. Dist. Solapur",Pvt.,5000.0,639371.659,9.794,3392.22,21688.92,980.56,2411.66,15419.5,6269.42,20986.81,14717.39,702.11,95.45
92,Solapur,Solapur,69046.0,"Onkar Corpo. (VP Sugars) Ltd. Tadval, Tal. Akkalkot, Dist. Solapur",Pvt.,4700.0,644326.358,10.618,3677.33,23693.99,967.45,2709.88,17460.46,6233.54,22845.51,16611.97,848.49,95.14
93,Solapur,,67901.0,"Vitthalrao Shinde SSK Ltd. Unit 2 Karkamb, Tal. Pandharpur, Dist. Solapur",Coop,2500.0,524451.252,10.95,3792.2,19888.24,943.69,2848.51,14939.05,4949.19,20813.84,15864.65,-925.6,100.0
94,Solapur,Solapur,69057.0,"Ashti Sugar Ltd. Ashti. Tal.Mohol, Dist. Solapur",Pvt.,2500.0,397207.245,9.833,3405.72,13527.76,978.48,2427.24,9641.17,3886.59,14602.97,10716.38,-1075.21,100.0
95,Solapur,Solapur,14701.0,"Bhima SSK Ltd. Takali Sikandar, Tal.Mohol, Dist. Solapur",Coop,5000.0,215887.848,8.146,3290.5,7103.79,981.55,2308.95,4984.74,2119.05,4067.1,1948.05,3036.69,39.08
96,Solapur,Solapur,49601.0,"Sahakar Shiromani Vasantrao Kale SSK Ltd. Chandrabhaganagar. Bhalwani, Tal. Pandharpur. District Solapur",Coop,3500.0,241146.591,9.51,3293.96,7943.27,1022.8,2271.16,5476.82,2466.45,7277.01,4810.56,666.26,87.83
97,Solapur,Solapur,68401.0,Sitaram Maharaj Sakhar Karkhana Pvt. Ltd. Khardi.Tal.Pandharpur. Dist. Solapur,Pvt.,5000.0,504830.678,10.027,3472.84,17531.97,1014.05,2458.79,12412.74,5119.24,16672.05,11552.81,859.93,93.07
98,Solapur,Solapur,38601.0,"Dharashiv Sugar Ltd. ( Lease unit of Sangola Taluka SSK Ltd.)Vaki Shivanc, Tal. Sangola, Dist.Solapur",Coop,2500.0,167284.83,8.772,3290.5,5504.51,1088.17,2202.33,3684.16,1820.34,4988.49,3168.15,516.01,85.99
99,Solapur,Solapur,14301.0,"Shri. Shankar SSK Ltd. M.P.O.Sadashivnagar, Tal. Malshiras, Dist. Solapur",Coop,2500.0,254520.0,9.571,3315.07,8437.51,1098.2,2216.87,5642.37,2795.14,8297.65,5502.51,139.86,97.52
100,Solapur,Solapur,68801.0,"Awtadc Sugars ltd. Nadur, Tal. Magalweda, Dist. Solapur",Pvt.,5000.0,408890.97,10.007,3465.92,14171.84,1035.45,2430.47,9937.98,4233.86,11597.04,7363.18,2574.8,74.09
101,Solapur,Solapur,14501.0,"Shri. Vitthal SSK Ltd., Venunagar, Tai Pandharpur, Dist. Solapur",Coop,7500.0,964006.99,10.75,3723.0,35889.98,903.43,2819.57,27180.85,8709.13,30032.19,21323.06,5857.79,78.45
102,Solapur,Solapur,67101.0,Yedeshwari Agro Product Ltd. Unit No -02 Khamgaon Barshi,Pvt.,2500.0,290998.119,9.427,3290.5,9575.29,1095.24,2195.26,6388.17,3187.13,9704.38,6517.25,-129.08,0.0
103,Solapur,Solapur,69025.0,"Kamlabhavani Global corp. (Vitthal Refined Sugars) Ltd. Pandey, Tal. Karmala, Dist. Solapur",Pvt.,5000.0,394234.0,8.32,3290.5,12972.27,894.85,2395.65,9444.47,3527.8,9824.58,6296.78,3147.69,66.67
104,Solapur,Solapur,66401.0,"Shivgiri Agro Sugar Works Pvt.Ltd. (Lease of Bhairavnath Sugar Works Ltd Unit -2) Vihal, Tai Karmala",Pvt.,2500.0,229600.0,9.08,3290.5,7554.99,981.86,2308.64,5300.64,2254.35,5632.12,3377.77,1922.87,63.72
105,Dharashiv,Solapur,46801.0,"Shri.Viuhalsai SSK Ltd. Rajiv Gandhi Nagar. Murum, Tal.Umarga District.Dharashiv",Coop,2500.0,274291.797,10.178,3525.09,9669.03,1099.7,2425.39,6652.64,3016.39,6259.05,3242.66,3409.98,48.74
106,Dharashiv,Solapur,52009.0,"Dr. Babasaheb Ambedkar SSK Ltd. Keshegaon, Dist.Dharashiv",Coop,5000.0,472439.065,10.488,3632.35,17160.63,779.68,2852.67,13477.12,3683.51,12656.24,8972.73,4504.39,66.58
107,Dharashiv,Solapur,52701.0,"Bhairavanath Sugars Pvt. Ltd. ( On Partership basis with Shiva Shakti SSK Ltd.) Vashi, Dist. Dharashiv",Coop,1250.0,174610.0,9.01,3290.5,5745.54,929.25,2361.25,4122.98,1622.56,4321.39,2698.83,1424.15,65.46
108,Dharashiv,Solapur,50701.0,"Natural Sugar and Allied Industries Ltd. Ranjani, Tal.Kalamb, Dist. Dharashiv",Pvt.,5000.0,752941.957,11.64,4030.94,30350.64,887.73,3143.21,23666.55,6684.09,29272.35,22588.26,1078.29,95.44
109,Dharashiv,Solapur,55001.0,"Bhimashankar Sugar Mills Ltd. Pargaon. Tal.Vashi, Dist. Dharashiv",Pvt.,500.0,103020.0,8.74,3290.5,3389.87,784.18,2506.32,2582.01,807.86,2163.36,1355.5,1226.51,52.5
110,Dharashiv,Solapur,60801.0,"Dharashiv Sugar Mills Ltd.. Chorakhli, Tal.. Kalamb, Dist. Dharashiv",Pvt.,2500.0,196581.712,10.706,3707.78,7288.81,1058.45,2649.33,5208.09,2080.72,5978.38,3897.66,1310.43,74.84
111,Dharashiv,Solapur,61701.0,"Bhairavanath Sugar Works Ltd. Sonari, Tal.Paranda, Dist. Dharashiv",Pvt.,7500.0,507906.649,8.564,3290.5,16712.67,950.06,2340.44,11887.25,4825.42,11894.35,7068.93,4818.32,59.47
112,Dharashiv,Solapur,69004.0,"Lokmangal Mauli Industries Ltd. Khcd BK., Tal. Lohara, Dist. Dharashiv",Pvt.,6000.0,644468.884,10.0,3463.5,22321.18,1294.33,2169.17,13979.63,8341.55,18403.65,10062.1,3917.53,71.98
113,Dharashiv,Solapur,69018.0,"Manjra Sugar Ind. Ltc.(Kancheswar Sugar Ltd.)Mangalore, Tal.Tuljapur, Dist. Dharashiv",Pvt.,3500.0,522511.895,11.21,3882.16,20284.75,977.71,2904.45,15176.1,5108.65,19477.73,14369.08,807.02,94.68
114,Dharashiv,Solapur,68101.0,"Quinergy Industries Ltd. ( Lease unit of Bhausaheb Birajdar SSK Ltd.), Samudral, Tal. Umarga, Dist. Dharashiv",Coop,6000.0,534750.0,10.784,3734.76,19971.65,1008.21,2726.55,14580.25,5391.4,17860.1,12468.7,2111.55,85.52
115,Dharashiv,Solapur,68201.0,"Ayan Multitrade LLP ( Banganga SSK Ltd.) Idajawala, Tal.Bhoom, Dist.Dharashiv",Pvt.,6000.0,576968.33,10.683,3699.82,21346.78,1092.04,2607.78,15046.05,6300.72,18593.63,12292.91,2753.14,81.7
116,Dharashiv,Solapur,18601.0,Bhairavanaih Sugar Works Ltd. Sonari.LESSEE of i krna shhtkari SAHAKARI SAKJtAR KARKHANA L I D.) A/P- DHOKI. TAI -DHARASHIV. DIST- DHARASHIV,Coop,5000.0,457866.509,9.294,3290.5,15066.1,978.66,2311.84,10585.14,4480.96,10324.49,5843.53,4741.61,55.21
117,Dharashiv,Solapur,54401.0,Bhairavnath Sugar Works Ltd.Indapur (Narsingh) Tal.Washi Dist.Dharashiv,Pvt.,1250.0,62307.159,9.5,3290.5,2050.22,993.85,2296.65,1430.98,619.24,1195.76,576.52,854.46,40.29
118,Ahilyanagar,,35301.0,"Agasti SSK Ltd. Augustinagar, Tal.Akole, Dist. Ahilyanagar",Coop,3500.0,253086.812,11.454,3966.58,10038.9,1056.89,2909.69,7364.05,2674.85,6689.51,4014.66,3349.39,54.521
119,Ahilyanagar,Ahilyanagar,12601.0,Ashok SSK Ltd. Ashoknagar. Tal. Srirampur. Dist. Ahilyanagar,Coop,4000.0,396039.0,11.063,3831.3,15173.43,964.06,2867.24,11355.38,3818.05,8692.19,4874.14,6481.24,42.92
120,Ahilyanagar,Ahilyanagar,13101.0,"Loknete Marutrao Ghule Patil Dnyancshwar SSK Ltd. Dnyaneshwamagar, Po. Bhende, Tel. Nevasa. Dist. Ahilyanagar",Coop,7000.0,941270.0,10.9,3774.9,35532.0,949.74,2825.16,26592.38,8939.62,30677.72,21738.1,4854.28,81.75
121,Ahilyanagar,3>,66001.0,"Prasad Sugar and Allied Agro Products Ltd. Sade Wambori Road. Tal.Rahuri, Dist.Ahilyanagar",Pvt.,4000.0,533492.0,9.73,3370.08,17979.11,1089.85,2280.23,12164.84,5814.26,17577.5,11763.24,401.6,96.7
122,Ahilyanagar,Ahilyanagar,12701.0,"Padmashri Dr. Vitthalrao Vikhe Patil SSK Ltd. Pravaranagar. Tal.Srirampur, Dist.Ahilyanagar",Coop,5000.0,859416.0,11.309,3916.41,33658.29,959.81,2956.6,25409.53,8248.76,26419.33,18170.57,7238.96,71.51
123,Ahilyanagar,Ahilyanagar,12501.0,"Shri Ganesh SSK Ltd. Gancshnagar, Ranjangaon Khu., Tal. Rahata. Dist. Ahilyanagar",Coop,1750.0,200827.795,10.62,3678.02,7386.49,965.73,2712.29,5447.03,1939.45,6385.57,4446.12,1000.91,81.62
124,Ahilyanagar,Ahilyanagar,12901.0,"Sahakar Maharshi Shivajirao Narayanarao Nagwadc Srigonda SSK Ltd. Srigonda, Dist. Ahilyanagar-413 726",Coop,5000.0,581060.351,10.94,3788.74,22014.87,925.65,2863.09,16636.28,5378.59,19558.42,14179.83,2456.45,85.23
125,Ahilyanagar,Ahilyanagar,12401.0,"Karmavcer Shankarao Kale SSK Ltd. Kolpewadi, TaL.Kopargaon, Dist.Ahilyanagar-423 602",Coop,5500.0,522730.905,11.198,3878.01,20271.55,1023.71,2854.3,14920.3,5351.25,20275.22,14923.97,-3.67,100.0
126,Ahilyanagar,,13401.0,"Mula SSK Ltd. Sonai. Tal. Nevasa, Dist. Ahilyanagar-",Coop,7000.0,930680.761,10.999,3809.15,35451.06,1005.11,2804.04,26096.7,9354.37,35451.03,26096.66,0.04,100.0
127,Ahilyanagar,Ahilyanagar,13001.0,"Sahakar Maharshi Bliausaheb Thorat SSK Ltd. Amritnagar, Tal. Sangamner, Dist.Ah:lyanagar-422 60S",Coop,6000.0,649516.04,11.504,3983.88,25875.97,1046.12,2937.76,19081.25,6794.72,25875.97,19081.25,0.0,100.0
128,Ahilyanagar,"f,",12301.0,"Sahakar Maharshi Sltankaraoji Kolhe SSK Ltd. Sahajanandnagar, Po.Shingnapur, Tal. Kopargaon. Dist.Ahilyanagar-423 603",Coop,6000.0,496964.639,10.527,3645.84,18118.55,952.63,2693.21,13384.31,4734.23,18118.53,13384.3,0.01,100.0
129,Ahilyanagar,Ahilyanagar,13201.0,"shri.Vriddheshwar SSK Ltd. Adinath Nagar, Tal.Pathardi, Dist.Ahilyanagar",Coop,2500.0,317062.0,10.587,3666.6,11625.4,859.28,2807.32,8900.95,2724.45,6308.03,3583.58,5317.37,40.261
130,Ahilyanagar,Ahilyanagar,39001.0,"Shri. Kedareshwar SSK Ltd. A/P.Bodhegaon, Tal.Shevgaon, Dist. Ahilyanagar-414 503",Coop,2500.0,182256.035,9.396,3290.5,5997.13,988.42,2302.08,4195.68,1801.46,4343.18,2541.72,1653.96,60.58
131,Ahilyanagar,Ahilyanagar,13301.0,"Indicon Developers Pvt. Ltd.A/P. Ambikanagar. Tal.Karjant, Dist. Ahilyanagar",Pvt.,12500.0,1410061.0,11.329,3923.33,55321.4,1055.91,2867.42,40432.43,14888.98,49167.98,34279.0,6153.43,84.78
132,Ahilyanagar,Ahilyanagar,67301.0,"Jayshrccram Sugar and Agro Products Ltd. Hadgaon, Tal.Jamkhed, Dist. Ahilyanagar",Pvt.,2000.0,301289.0,11.035,3821.61,11514.09,955.87,2865.74,8634.16,2879.93,8193.39,5313.46,3320.7,61.54
133,Ahilyanagar,Ahilyanagar,51101.0,"Gangamai Industries and Construction Ltd. Najik Babhulgaon, Tal. Shevgaon, Dist. Ahilyanagar",Pvt.,5500.0,902728.182,10.259,3553.11,32074.96,983.11,2570.0,23200.15,8874.81,25500.51,16625.7,6574.45,71.66
134,Ahilyanagar,Ahilyanagar,13501.0,"Shri. Kranti Sugar and Power Ltd. Post. Devi Bhoyrc. Tal.Parncr, Dist. Ahilyanagar",Pvt.,3750.0,256481.19,11.554,4001.18,10262.28,1067.52,2933.66,7524.3,2737.99,7754.72,5016.73,2507.57,66.67
135,Ahilyanagar,Ahilyanagar,65401.0,"Gauri Sugar & Distilleries Pvt.Ltd (OLD Shri Saikrupr Sugar & Allied Industries Ltd. Hirdgaon, Dist. Ahilyanagar",Pvt.,7500.0,737979.02,10.761,3726.81,27503.05,1048.23,2678.58,19767.33,7735.72,28115.23,20379.51,-612.18,100.0
136,Ahilyanagar,Ahilyanagar,69065.0,Sopanrao Balkrushna Dhasal Agro products Ltd.Malkup Tal.parncr Dist. Ahilyanagar,Pvt.,1250.0,149449.585,11.524,3990.8,5964.24,1183.4,2807.4,4195.65,1768.59,4492.16,2723.57,1472.08,64.91
137,Ahilyanagar,Ahilyanagar,51501.0,"Omkar Sugar (Sajan Sugar) Pvt. Ltd. Devdaithan, Tal.Srigonda, Dist. Ahilyanagar!Saikripa Sugar Factory' Ltd. has been leased out.) (Omkar Sugar)",Pvt.,1250.0,113082.269,11.566,4005.34,4529.32,982.71,3022.63,3418.05,1111.27,4247.05,3135.78,282.27,91.74
138,Ahilyanagar,Ahilyanagar,69075.0,"Swami Samarth Sugar & Agro Industries Ltd.,A/P-Warkheda, Tal- Newasa, Dist-Ahilyanagar",Pvt.,1252.0,264614.528,8.411,3290.5,8707.14,917.84,2372.66,6278.4,2428.74,9817.91,7389.17,-1110.77,100.0
139,Nashik,Ahilyanagar,12001.0,"Kadwa SSK Ltd. Materewadi.Tal. Dindori, Dist. Nashik-422 209",Coop,2500.0,283785.954,12.141,4204.29,11931.17,1027.96,3176.33,9013.97,2917.21,9615.87,6698.66,2315.31,74.311
140,Nashik,Ahilyanagar,51401.0,"Dwarkadhish Sakhar karkhana Ltd., Sheware, Tal.Satana, Dist.Nashik",Pvt.,4000.0,440215.479,11.389,3944.09,17362.51,1084.13,2859.96,12590.0,4772.51,17538.76,12766.25,-176.25,100.0
141,Nashik,Ahilyanagar,12101.0,"Astalaxmi Sugar Ethenol & Energy Ltd. ( Lease of Nashik SSK Ltd.) A/P- Palse, Tai- Nashik, Dist-Nashik",Coop,1250.0,60304.79,9.407,3290.5,1984.33,1101.0,2189.5,1320.37,663.96,1691.91,1027.95,292.42,77.85
142,Nashik,Ahilyanagar,17101.0,S J Sugar Distillery and Power Pvt. Ltd.,Pvt.,2000.0,16567.046,9.537,3303.3,547.26,1190.37,2112.93,350.05,197.21,317.75,120.54,229.51,34.44
143,Nashik,Ahilyanagar,69007.0,KGS Sugar And Infra Corporation Ltd.,Pvt.,4500.0,13954.683,9.5,3290.5,459.18,975.0,2315.5,323.12,136.06,459.18,323.12,0.0,100.001
144,Nashik,Ahilyanagar,11901.0,Sahkar Maharshi Shankarrao Kolhe SSL Ltd.fLessee of karmveer Kakasahcb Wagh ssk ltd.Ranwad Tal.Niphad),Coop,1250.0,85256.323,10.527,3645.84,3108.31,952.63,2693.21,2296.13,812.18,3108.32,2296.14,-0.01,100.0
145,Nandurbar,Chh. Sambhajinagar,37501.0,"Ayan Multitradc LLP. Sanishcrpur, Dist. Nandurbar",Pvt.,10000.0,729104.0,10.223,3540.66,25815.08,987.15,2553.51,18617.73,7197.35,25504.35,18307.0,310.73,98.33
146,Chh. Sambhajinagar,5 •o,19101.0,Onkar sakhar karkhana unit no.9 (Satpuda-Tapi. Sahakan sakhar karkhana ) ltd.purushottam nagar. ta. shahada,Coop,4000.0,164710.0,9.541,3304.69,5443.15,985.14,2319.55,3820.52,1622.62,4783.47,3160.85,659.67,82.73
147,Chh. Sambhajinagar,O,36501.0,Baramati Agro Ltd. Pune ( Lease unit of Chopda SSKLtd.)Tal. Chopda. Dist. Jalgaon,Coop,2500.0,164154.0,10.022,3471.11,5697.97,1072.06,2399.05,3938.14,1759.83,5361.75,3601.92,336.22,91.46
148,Chh. Sambhajinagar,Chh. Sambhajinagar,18501.0,"Sachin Ghayal Sugars Pvt. Ltd. Pune ( On colaboration basis with Shri.Sant Eknath SSK Ltd.)Eknathnagar. Tal. Paithan,",Coop,1250.0,150285.0,10.645,3686.67,5540.51,1092.22,2594.45,3899.07,1641.44,3783.67,2142.23,1756.84,54.94
149,Chh. Sambhajinagar,Chh. Sambhajinagar,66101.0,"Shri.Rcnukadevi Shared SSK Ltd. Pratibha Nagar, Vihamandwa, Tal. Paithan,",Coop,1250.0,167614.0,8.862,3290.5,5515.34,885.78,2404.72,4030.65,1484.69,4592.1,3107.41,923.24,77.09
150,Chh. Sambhajinagar,Chh. Sanibhaj inagar,18301.0,"Baramati Agro Ltd. Mahatma Phule Nagar, Kannada Tal. Kannada, Dist. Chh. Sambhajinagar",Pvt.,7000.0,661729.0,12.0,4155.5,27498.15,1028.74,3126.76,20690.68,6807.47,21573.59,14766.12,5924.56,71.37
151,Chh. Sambhajinagar,Chh. Sambhaj inagar,52007.0,"Chhatrapati Sambhaji Rajc Sakhar Udyog Ltd.,Husanpur, Tai &Dist-Chh. Sambhajinagar",Pvt.,3000.0,304021.0,10.512,3640.65,11068.35,1020.0,2620.65,7967.33,3101.01,8001.11,4900.1,3067.23,61.5
152,Chh. Sambhajinagar,Chh. Sambhajinagar,63901.0,"Mukteshwar Sugar Mills Ltd. Shendurwada-Dhamori, Tal.Gangapur, Dist. Chh. Sambhajinagar",Pvt.,2500.0,257011.0,10.411,3605.71,9267.06,835.16,2770.55,7120.61,2146.45,7629.27,5482.82,1637.79,77.0
153,Chh. Sambhajinagar,Chh. Sambhajinagar,18101.0,"Jaihind Sugar pvt. Ltd gangapur u-2, (gangapur sahakari sakhar karkhan ltd.ragunath nagar. ta. gangapur)",Coop,2000.0,155441.75,9.796,3392.92,5274.01,795.68,2597.24,4037.19,1236.82,4494.51,3257.69,779.5,80.69
154,Chh. Sambhajinagar,Chh. Sambhajinagar,69071.0,Panchaganga Sugar & Powar PVT. Mahalgaon. Ta.Vaijapuar.,Pvt.,6500.0,774556.0,10.152,3516.09,27234.1,978.69,2537.4,19653.6,7580.5,21464.15,13883.65,5769.95,70.64
155,Chh. Sambhajinagar,jeoBujfet|qtuEs MHO,69056.0,Ghrishneshwar Sugars Pvt. Ltd. Gadana. Tal.Khultabad Dist. Chh. Sambhajinagar,Pvt.,2000.0,227178.0,10.51,3639.96,8269.19,1055.77,2584.19,5870.71,2398.48,7104.21,4705.73,1164.98,80.16
156,Chh. Sambhajinagar,e,20601.0,"Karmayogi Ankushrao Tope Samarth SSK Ltd. Unit I Ankushnagar, Tal. Ambad, Dist. Jalna",Coop,7500.0,773030.0,11.072,3834.41,29641.16,917.09,2917.32,22551.77,7089.38,25413.42,18324.04,4227.73,81.25
157,Jalna,Chh. Sambhajinagar,63601.0,"Karmayogi Ankushrao Tope Samarth SSK Ltd. Unit-2 Po.Tirthapuri, Tal. Ghansawangi, Dist. Jalna",Coop,2500.0,353600.0,10.934,3786.66,13389.64,854.42,2932.24,10368.41,3021.23,11414.79,8393.56,1974.85,80.95
158,Jalna,Chh. Sambhajinagar,40201.0,"Shraddha Energy and Infra Products Pvt. Ltd. Varfal, Tal. Partur, Dist.Jalna",Pvt.,4500.0,707560.0,10.92,3781.82,26758.65,938.12,2843.7,20120.88,6637.76,21.0,14523.64,5597.24,72.18
159,Jalna,Chh. Sambhajinag,63801.0,"Samurdhi Sugars Ltd. Rcnukanagar, Devidehcgaon, Tal.Ghansawangi, Dist.Jalna",Pvt.,4500.0,525245.0,11.02,3816.42,20045.56,958.9,2857.52,15008.98,5036.57,15657.57,10621.0,4387.98,70.76
160,Jalna,jnSnuifeqqmcs,46401.0,Shri.Rameshwar SSK Ltd. Siporabazar Tal.Bhokardan. Dist.Jalna.,Coop,2500.0,172899.0,8.84,3290.5,5689.24,993.11,2297.39,3972.16,1717.08,5900.46,4183.38,-211.22,100.0
161,Beed,Chh. Sanibhaj inagar,3560.0,Loknete Sundarraoji Solankc Manjalgaon SSK Ltd. Sundemagar -Talegaon. Tal.Majalgaon. Dist. Beed,Coop,5000.0,562208.17,10.07,3487.72,19608.25,905.86,2581.86,14515.43,5092.82,15817.73,10724.91,3790.52,73.89
162,Beed,Chh. Sambhajinagar,69033.0,"Chhatrapati SSK Ltd. Sonajinagar, Savargaon, Tal. Majalgaon, District Beed",Coop,2500.0,352100.0,9.505,3292.23,11591.94,872.5,2419.73,8519.87,3072.07,6314.38,3242.31,5277.56,38.06
163,Beed,Chh. Sambhajina,19801.0,"Jaibhavani SSK Ltd. Shivajinagar, Tal.Gevrai. Dist. Beed",Coop,5000.0,493955.0,10.412,3606.05,17812.27,966.41,2639.64,13038.64,4773.63,14594.25,9820.62,3218.02,75.321
164,Chh. Sambhajinagar,22,52401.0,"Jai Mahesh NSL Sugar, Majalgaon N. S. L. Sugar Ltd. Tal. Majalgaon, District Beed",Pvt.,7000.0,897028.0,10.214,3537.54,31732.76,955.81,2581.73,23158.88,8573.88,20726.45,12152.57,11006.31,52.47
165,Beed,Chh. Sambhajinagar,68901.0,"Yedeshwari Agro Products Ltd., Anandgaon, Kej, Dist Beed",Pvt.,6500.0,806405.0,10.037,3476.3,28033.07,1043.86,2432.44,19615.33,8417.74,21274.99,12857.25,6758.08,65.55
166,Beed,Chh. Sambhajinagar,37601.0,Dr.V.V.Patil ssk / Gatga mauli sugar pvt. Ta. Kej. Dist. Beed,Coop,4900.0,485500.0,11.14,3857.94,18730.3,1045.92,2812.02,13652.36,5077.94,17583.1,12505.16,1147.2,91.6
167,Beed,Chh. Sambhajinagar,50101.0,Onkar sakhar karkhana unit no.8 (vaidyanath Sahakari sakhar karkhana ) ltd. Pangari.. ta. Parali.,Coop,4500.0,209460.0,9.879,3421.63,7166.95,1188.05,2233.58,4678.47,2488.49,5676.87,3188.38,1490.09,68.15
168,Beed,Chh. Sambhajinagar,19701.0,Ambajogai SSK Ltd./\mbasakhar Tal.Ambajogai Dist.Beed.,Coop,2500.0,158499.0,10.25,3550.0,5626.71,997.93,2552.07,4045.01,1581.71,3500.22,1918.51,2126.5,47.43
169,Beed,Chh. Sambhajinagar,20001.0,Gajanan ssk / DVP Comoditi export pvt ltd..Rajuri,Coop,1250.0,156966.0,8.608,3290.5,5164.97,1137.25,2153.25,3379.87,1785.1,4324.12,2539.02,840.85,75.12
170,Parbhani,Nanded,63201.0,"Gangakhcd Sugar and Energy Ltd. Makhani, Tal.Gangakhcd, Dist.Parbhani",Pvt.,6000.0,684280.0,10.158,3518.06,24073.41,1184.44,2333.62,15968.52,8104.89,18685.79,10580.9,5387.62,66.26
171,Parbhani,Nanded,52201.0,"Yogeshwari Sugar Industries Ltd. Limba, Tal. Pathri. Dist.Parbhani",Pvt.,1500.0,301955.0,10.03,3473.88,10489.55,893.9,2579.98,7790.38,2699.18,8201.83,5502.65,2287.73,70.63
172,Parbhani,Nanded,69017.0,"Baliraja Sugar Factory Ltd. Kandkhcd, Tal.Puma, Dist. Parbhani",Pvt.,3500.0,619440.0,11.476,3974.2,24617.76,845.62,3128.58,19379.65,5238.11,18147.28,12909.17,6470.48,66.61
173,Parbhani,Nanded,19501.0,"Shri. Renuka Sugar Ltd. Dcvanandra, Tal. Pathri. Dist.Parbhani",Pvt.,1250.0,177570.0,11.17,3868.32,6868.98,906.15,2962.17,5259.93,1609.05,5817.11,4208.06,1051.87,80.0
174,Parbhani,o n Z,39201.0,"Srilakshmi Nrisimha Sugar LLP Amdapur, Tal. Parbhani, Dist. Parbhani",Pvt,2500.0,446410.0,10.14,3511.94,15677.65,1021.72,2490.22,11116.59,4561.06,10508.35,5947.29,5169.3,53.5
175,Parbhani,z,68601.0,"Twenty One Sugar Ltd. Uttamnagar, Devinagar Tanda. Saikheda. Tal. Sonpeth, Dist. Parbhani",Pvt.,10000.0,641525.0,10.169,3521.97,22594.34,1065.66,2456.31,15757.87,6836.48,18623.6,11787.12,3970.75,74.8
176,Parbhani,z,69063.0,"Shri Tuljabhavani Sugar ltd, Adgoan, Tal. Selu, Dist, Parbhani",Pvt.,3500.0,58775.0,10.045,3479.07,2044.82,887.53,2591.54,1523.18,521.65,525.97,4.32,1518.86,0.28
177,Hingoli,z,19401.0,"Bhaurao Chavan SSK Ltd. Dongarkada, Unit 2,Tal.Kalamanuri, Dist. Hingoli",Coop,1800.0,190340.0,10.968,3798.43,7229.93,866.69,2931.74,5580.27,1649.66,6263.3,4613.64,966.63,82.68
178,Hingoli,Nanded,19601.0,"Puma SSK Ltd.Tal.Basmat Nagar, Dist. I lingoli",Coop,2500.0,393880.0,10.707,3708.12,14605.55,885.88,2822.24,11116.25,3489.3,12163.31,8674.01,2442.24,78.03
179,Hingoli,Nanded,49701.0,"Kapishwar Sugar and Chemical Ltd. JawalaBazar, Tal.Aundha Nagnath, Dist. Hingoli",Pvt.,2500.0,354170.0,10.491,3633.39,12868.36,846.25,2787.14,9871.2,2997.16,11851.49,8854.33,1016.87,89.7
180,Hingoli,papucN,69031.0,"Tokai SSK Ltd. Kurunda. Tal.Basmatnagar., Dist.Hingoli",Coop,1250.0,133280.0,10.15,3515.4,4685.33,890.36,2625.04,3498.65,1186.67,2374.62,1187.95,2310.7,33.95
181,Hingoli,Nanded,69050.0,"Shiur Sugar Factory Pvt. Ltd. Wakodi. Tal.Kalmanuri, Dist. Hingoli",Pvt.,2500.0,456234.0,9.8,3394.3,15485.95,910.72,2483.58,11330.94,4155.01,16723.05,12568.04,-1237.1,100.0
182,Nanded,Nanded,40101.0,"Bhaurao Chavan SSK Ltd. Lakshminagar, U-l, Tal.Ardhapur, Dist. Nanded",Coop,3500.0,342795.0,10.54,3650.34,12513.18,888.38,2761.96,9467.86,3045.32,11375.76,8330.44,137.42,87.99
183,Nanded,Nanded,39101.0,"Shri Subhash Sugar Pvt. Ltd. Hadgaon, Tal. Hadgaon, Dist. Nanded",Pvt.,3500.0,527039.0,9.5,3290.5,17342.22,833.98,2456.52,12946.82,4395.4,18892.24,14496.84,-1550.02,100.0
184,Nanded,Z,32301.0,"M. V. K. Angro Foods Products Ltd. Waghalwada, Umri, Tal. Nanded, Dist. Nanded",Pvt.,2500.0,245510.0,9.776,3386.0,8312.96,906.57,2479.43,6087.24,2225.72,8658.89,6433.17,-345.93,100.0
185,Nanded,Z,39301.0,"Kunturkar Sugar and Agro Pvt. Ltd. Kuntur, Tal.Naigaon,",Pvt.,2500.0,278580.0,10.4,3601.9,10034.17,950.36,2651.54,7386.66,2647.51,7112.05,4464.54,2922.12,60.44
186,Nanded,Nanded,69045.0,"Twenty-One Sugar Ltd: U-3, Shivani, Tq. Loha",Pvt.,3500.0,353180.0,10.421,3609.17,12746.85,1078.76,2530.41,8936.89,3809.96,9936.04,6126.08,2.0,68.55
187,Nanded,Nanded,53009.0,"Shivaji Service Station, Manjari, Tal. Mtikhed, Dist. Nanded.",PM.,1250.0,177620.0,10.07,3487.72,6194.89,865.24,2622.48,4658.05,1536.84,5548.07,4011.23,646.82,86.111
188,Nanded,3,20901.0,V. V. D. Manzra SSK Ltd: Latur,Coop,7000.0,602600.0,11.866,4109.14,24761.65,931.52,3177.62,19148.31,5613.34,22184.85,16571.51,2576.8,86.54
189,Nanded,«5,52003.0,"Vilas SSK Ltd. Vaishalinagar, U-l Niwali, Tal.& Dist. Latur",Coop,3500.0,502060.0,11.751,4069.35,20430.56,957.9,3111.45,15621.33,4809.23,18615.91,13806.68,1814.65,88.38
190,Nanded,2,53003.0,"Vilas SSK Ltd. Unit-2, TondanTal. Udgir, Dist. Latur",Coop,3000.0,378540.0,12.004,4156.88,15735.47,1025.16,3131.72,11854.83,3880.64,14290.63,10409.99,1444.84,87.81
191,Latur,Nanded,54801.0,Rena SSK Ltd; Niwada,Coop,4900.0,424359.0,11.618,4023.33,17073.35,854.18,3169.15,13448.56,3624.79,15294.67,11669.88,1778.68,86.77
192,Latur,Nanded,53001.0,"Sant Shormani Marot, Maharaj SSK Ltd:",Coop,2000.0,187426.0,11.16,3864.86,7243.75,891.07,2973.79,5573.66,1670.1,6824.31,5154.21,419.45,92.47
193,Latur,c,39701.0,"Siddhi Sugar and Allied Industries Ltd. Ujna, Tal.Ahmedpur, Dist.Latur",Pvt.,4000.0,427595.0,10.902,3775.59,16144.24,1177.63,2597.96,11108.76,5035.49,12858.66,7823.17,3285.59,70.42
194,Latur,Nanded,65901.0,"Jagruti Sugar and Allied Industries Ltd. Talcgaon, Tal.Devani. Dist. Latur",Pvt.,4800.0,489900.0,11.73,4062.08,19900.13,899.92,3162.16,15491.42,4408.71,17881.14,13472.43,2018.99,86.97
195,Nanded,2,58901.0,"Shri. Saibaba Sugar Ltd., Shivani, Dist. Latur",PM.,2500.0,75100.0,8.39,3290.5,2471.17,926.14,2364.36,1775.63,695.53,2111.1,1415.57,360.06,79.72
196,Latur,Nanded,69058.0,"Twenty One Sugars Ltd. U-l, Malvati, Tal.& Dist. Latur",Pvt.,10000.0,722958.0,11.421,3955.17,28594.19,1082.84,2872.33,20765.71,7828.48,21332.41,13503.93,7261.78,65.03
197,Latur,Nanded,38501.0,"Onkar Sakhar Karkhana Ltd: Ambulga, Tq.Nilaga",PM.,2500.0,301477.0,11.741,4065.89,12257.71,1153.84,2912.05,8779.15,3478.56,11464.7,7986.14,793.01,90.97
198,Nanded,2,21001.0,"Shctkari SSK Ltd: Killari, Tq. Ausa",Coop,1250.0,214390.0,10.047,3479.76,7460.26,874.55,2605.21,5585.31,1874.95,4309.51,2434.56,3150.75,43.59
199,Latur,Z,51301.0,"Panngeshwar Sugar Mills Ltd; Pangaon, Tq. Renapur",Pm.,1250.0,77895.0,9.927,3438.24,2678.22,854.18,2584.06,2012.86,665.36,2373.95,1708.59,304.27,84.88
200,Yawatmal,Amarawati,39801.0,"Natural Sugar and Allied Industries Ltd. Gunj - Savannah, Tal.Mahagaon, Dist. Yavatmal",PM.,2500.0,476392.245,11.409,3951.01,18822.32,984.81,2966.2,14130.77,4691.56,17554.15,12862.59,1268.18,91.03
201,Yawatmal,Amarawati,36201.0,"Deccan Sugar Pvt Ltd Devrao Patilnagar Mangalore, Tal. &Dist. Yavatmal",Pvt.,2500.0,301848.751,10.37,3591.52,10840.96,970.94,2620.58,7910.19,2930.77,6704.46,3773.69,4136.5,47.71
202,Yawatmal,Amarawati,19301.0,Bhairavnath sugar work ltd( Lease unit of vasant ssk),Coop,2500.0,115870.0,10.485,3631.31,4207.6,1159.15,2472.16,2864.49,1343.11,3993.71,2650.6,213.89,92.53
203,Buldhana,Amarawati,52005.0,Painganga Sugar Factory Pvt. Warud Dhad. Dist. Buldhana,Pvt.,800.0,182539.24,10.086,3493.26,6376.56,1109.96,2383.3,4350.45,2026.11,5884.5,3858.39,492.06,88.69
204,Nagpur,Nagpur,55701.0,Manas Agro Industries & Infrastructure Ltd. Unit-1 Bela. Tal-Umred. Dist. Nagpur,Pvt,2500.0,83930.0,10.348,3583.91,3007.97,1204.56,2379.35,1996.99,1010.99,2921.46,1910.47,86.52,95.67
205,Bhandara,Nagpur,32001.0,"Manas Agro Industries and Infrastructur ltd. Unit-4, Devhada Mohadi. Tal& Dist. Bhandara.",Pvt,2000.0,54265.0,10.48,3629.58,1969.59,1193.71,2435.87,1321.82,647.77,1918.37,1270.6,51.22,96.12
206,Bhandara,Nagpur,67701.0,Natural Growers Private Ltd. Ta. Lakhandur mini Industrial area,Pvt,600.0,32250.0,10.07,3487.72,1124.79,1043.0,2444.72,788.42,336.37,1078.12,741.75,46.67,94.08
